Hashtag                  , Qtd. de posts, Curtidas médias       , Engajamento médio
rock                     ,             1,   7817.0              , 0.2515047021943574
major                    ,             1,   7817.0              , 0.2515047021943574
joiasdobairo             ,             1,   7817.0              , 0.2515047021943574
ídolo                    ,             1,   2746.0              , 0.24843478260869564
alextelles               ,             1,   2746.0              , 0.24843478260869564
ny                       ,             1,   3120.0              , 0.22277777777777777
lançamento               ,             1,   1198.0              , 0.21661615261187378
uniforme                 ,             1,   1198.0              , 0.21661615261187378
oídolofica               ,             3,   2442.6666666666665  , 0.20146740984325473
fyp                      ,             2, 220285.5              , 0.20051548957785953
estadio                  ,             1,   6035.0              , 0.19968454258675078
clássico                 ,             1,   9080.0              , 0.19836134453781512
mizuno                   ,             2,   1371.5              , 0.1981558501413495
golaço                   ,             1,   1993.0              , 0.19673076923076924
kadir                    ,             1,  70700.0              , 0.19553524112347642
panamá                   ,             1,  70700.0              , 0.19553524112347642
fifaworldcup             ,             1,   1420.0              , 0.19465803318494537
diadefogo                ,             1,  12000.0              , 0.19214395099540582
baby                     ,             1,  12000.0              , 0.19214395099540582
matchday                 ,             1,  12000.0              , 0.19214395099540582
preparação               ,             1,   1855.0              , 0.1918793033616849
libertadores             ,             3,  17466.666666666668   , 0.18639340363518633
funk                     ,             1,  10300.0              , 0.18431740614334471
mc                       ,             1,  10300.0              , 0.18431740614334471
dianacionaldocantor      ,             1,  10300.0              , 0.18431740614334471
run                      ,             1,    550.0              , 0.18314899154196487
camisa                   ,             2,   5822.5              , 0.1828407315818915
botafogo132anos          ,             1,   3326.0              , 0.17712121212121212
aniversario              ,             1,   3326.0              , 0.17712121212121212
nba                      ,             1,   2964.0              , 0.17682080924855492
contratação              ,             1,   1125.0              , 0.17564900561712463
joiadobairro             ,             1,   4939.0              , 0.17505119453924914
torcida                  ,             2,   5309.0              , 0.17205104263927795
cpreventos               ,             1,   1106.0              , 0.1719364709310797
botafogorun              ,             1,   1106.0              , 0.1719364709310797
campeonatobrasileiro     ,             2,   7536.0              , 0.1716628575420667
físico                   ,             1,   1804.0              , 0.17149532710280374
morumbis                 ,             1,  29400.0              , 0.16902814657461498
gol                      ,            12,   9453.666666666666   , 0.16887999006752522
bomdia                   ,             1,   4986.0              , 0.16421221864951768
austria                  ,             1,    703.0              , 0.1622531418312388
gloriosacamisa           ,             4,   5913.25             , 0.16128964445726104
botafogo                 ,            71,   4441.070422535211   , 0.16103395083188982
brasileirao              ,            10,  13758.5              , 0.16031587660554555
copadomundo              ,             8,   2632.375            , 0.15836250830257964
bronx                    ,             1,    456.0              , 0.15618729096989967
vamosbotafogo            ,            42,   3554.1666666666665  , 0.1553613203416891
luizgonzaga              ,             1,  67600.0              , 0.15529013321291488
flaviasaraiva            ,             1,  67600.0              , 0.15529013321291488
ginastica                ,             1,  67600.0              , 0.15529013321291488
homenagem                ,             1,  67600.0              , 0.15529013321291488
futebol                  ,            60,   4691.783333333334   , 0.15484858970582202
treino                   ,            11,   1634.1818181818182  , 0.15456583381283748
gk                       ,             2,   1137.0              , 0.15423584346997238
jogo                     ,             1,   1089.0              , 0.15332597295059344
edits                    ,             1,   1089.0              , 0.15332597295059344
copa                     ,             1,   3302.0              , 0.15221238938053097
kpop                     ,             1,   4959.0              , 0.1517403314917127
music                    ,             1,   1526.0              , 0.15140350877192982
bts                      ,             1,   1526.0              , 0.15140350877192982
dribles                  ,             1,   2222.0              , 0.147888198757764
skills                   ,             1,   2222.0              , 0.147888198757764
tango                    ,             1,   2222.0              , 0.147888198757764
tiktokesportes           ,            80,   5640.4875           , 0.1475113422364093
worldcup                 ,             8,   2613.25             , 0.14724319350956377
remo                     ,             3,  11023.666666666666   , 0.14717203477821403
base                     ,             1,   3918.0              , 0.14579710144927535
croacia                  ,             1,   1538.0              , 0.14574074074074075
samuellino               ,             1,  37500.0              , 0.14515401953418483
bfr                      ,            40,   2257.5              , 0.14507270626896915
corrida                  ,             2,    433.5              , 0.1427886925331244
caboverde                ,             1,   2689.0              , 0.14137055837563453
egypt                    ,             1,    856.0              , 0.141320293398533
telles                   ,             1,   2776.0              , 0.1404368932038835
curacao                  ,             1,    901.0              , 0.1389691348639197
fogonacopa               ,            42,   2166.404761904762   , 0.13821927239770943
psg                      ,             3,   6916.333333333333   , 0.13743248350607457
usa                      ,             2,   1093.5              , 0.13716763070955812
lyricsvideo              ,             1, 431700.0              , 0.13678242424242423
edit                     ,             1, 431700.0              , 0.13678242424242423
coldplay                 ,             1, 431700.0              , 0.13678242424242423
2016                     ,             1, 431700.0              , 0.13678242424242423
football                 ,             2,   4116.0              , 0.13459366094393713
copadomundo2026          ,             2,   1999.0              , 0.13357469318662718
vaibrasil                ,             2,   1999.0              , 0.13357469318662718
presente                 ,             1,   3020.0              , 0.1332051282051282
japan                    ,             1,   2425.0              , 0.1322994652406417
taliberadoacreditar      ,             1,   2425.0              , 0.1322994652406417
pênalti                  ,             1,   2224.0              , 0.13203488372093022
estrelasemjogo           ,             1,   2224.0              , 0.13203488372093022
torvi                    ,             1,   2224.0              , 0.13203488372093022
amor                     ,             1,    520.0              , 0.1311634685450571
diadosnamorados          ,             1,    520.0              , 0.1311634685450571
saudiarabia              ,             1,    521.0              , 0.12847138372373823
atacante                 ,             1,   1723.0              , 0.12782608695652173
danilopereira            ,             1,   1723.0              , 0.12782608695652173
pulgar                   ,             4,  38650.0              , 0.127640910756056
canada                   ,             1,    393.0              , 0.1274106860575403
temporealcazétv          ,             6,  81566.66666666667    , 0.12697069438692674
bastidores               ,             1,   2495.0              , 0.12641791044776118
suecia                   ,             1,    665.0              , 0.12571218526006248
FOGONACOPA               ,             1,    661.0              , 0.12532299741602068
Futebol                  ,             1,    661.0              , 0.12532299741602068
TikTokEsportes           ,             1,    661.0              , 0.12532299741602068
Paraguai                 ,             1,    661.0              , 0.12532299741602068
BFR                      ,             1,    661.0              , 0.12532299741602068
criasgloriosas           ,             1,    476.0              , 0.12528942629277076
vamoscrias               ,             1,    476.0              , 0.12528942629277076
improviso                ,             1,   4163.0              , 0.12489971346704871
fc27                     ,             1,   4087.0              , 0.12154269972451791
southafrica              ,             1,   1484.0              , 0.12007936507936508
joiasdobairro            ,            15,   2117.2              , 0.1200750796854133
austrália                ,             1, 195600.0              , 0.11872842105263158
táliberadoacreditar      ,             1,   1567.0              , 0.11856115107913669
flamengo                 ,            16,  58434.1875           , 0.11750802465377712
arremessodepeso          ,             1,  11800.0              , 0.1143289224952741
corinthians              ,             3,  39333.333333333336   , 0.11157828398720843
brasil                   ,            17,   2690.4117647058824  , 0.10640208243536317
trabalho                 ,             4,  10395.0              , 0.10529190471457486
renansantos              ,             1,   1600.0              , 0.099375
voo                      ,             1, 171800.0              , 0.0986005
avião                    ,             1, 171800.0              , 0.0986005
canadá                   ,             1, 171800.0              , 0.0986005
bundesliga               ,             1,   7562.0              , 0.097468671679198
mumbai                   ,             1, 189400.0              , 0.09678428571428571
nikitarawal              ,             1, 189400.0              , 0.09678428571428571
índia                    ,             1, 189400.0              , 0.09678428571428571
palmeiras                ,             4,  26206.25             , 0.09533826743116328
cztv04                   ,            11,  28115.090909090908   , 0.09343448560893672
argentina                ,             5,   3046.8              , 0.09314334671280697
mbappe                   ,             1,  13200.0              , 0.09307744107744108
tupacshakur              ,             1,  28100.0              , 0.09295262001882648
cenasdeassassinato       ,             1,  28100.0              , 0.09295262001882648
julgamento               ,             1,  28100.0              , 0.09295262001882648
futbr                    ,             6,  60530.166666666664   , 0.09106792472406365
academia                 ,             2,   1089.0              , 0.09094247347480107
bolsonaro                ,             2,   3384.0              , 0.0905648005244117
história                 ,             2,   2120.0              , 0.09011195768355854
diadospais               ,             2,   2873.0              , 0.0897556423055591
patrimônio               ,             1,  38300.0              , 0.08971723762914628
suárez                   ,             1,   6139.0              , 0.08907356948228883
tarcísio                 ,             2,   2340.5              , 0.08819025130713443
arrascaeta               ,             2,  23790.5              , 0.08779699878412524
cztv21                   ,            11,  28128.545454545456   , 0.08709082526622035
spain                    ,             1,    144.0              , 0.08653295128939828
france                   ,             1,    128.0              , 0.08604206500956023
brasileirão              ,            22,  29213.363636363636   , 0.08534957745910975
copadobrasil             ,             1,  28200.0              , 0.08469934454260473
g1educação               ,             1,   8911.0              , 0.08465192465192466
enem                     ,             1,   8911.0              , 0.08465192465192466
educação                 ,             1,   8911.0              , 0.08465192465192466
enem2026                 ,             1,   8911.0              , 0.08465192465192466
atentados                ,             1,   1940.0              , 0.08416974169741698
ofensasnasredes          ,             1,   1940.0              , 0.08416974169741698
cztv24                   ,            14,  33229.21428571428    , 0.08360152621835938
portugal                 ,             2,   3230.0              , 0.0809789435230413
nuvemfunil               ,             1,  27700.0              , 0.08000539374325782
supercélula              ,             1,  27700.0              , 0.08000539374325782
haiti                    ,             1,    108.0              , 0.07889125799573561
original                 ,            64,  25112.46875          , 0.07843795980841903
catsoftiktok             ,             1,  40700.0              , 0.07752098680829193
trend                    ,             1,  40700.0              , 0.07752098680829193
bayern                   ,             2,  12981.0              , 0.0773354989862167
neymarjr                 ,             2,  16473.5              , 0.07606179348342358
atletismobrasil          ,             2,   7973.5              , 0.07542739228211981
paláciodoplanalto        ,             2,   2196.0              , 0.07475153751537515
inss                     ,             1,   3617.0              , 0.07459312839059674
alessandrostefanutto     ,             1,   3617.0              , 0.07459312839059674
russian                  ,             1,   6812.0              , 0.07452928870292887
cztv08                   ,             5,  27996.2              , 0.07382935582272253
impedimento              ,             1,  25400.0              , 0.0733953876076688
berlim                   ,             1,   8176.0              , 0.07315286624203822
naturismo                ,             1,   8176.0              , 0.07315286624203822
alemanha                 ,             1,   8176.0              , 0.07315286624203822
athletico                ,             4,  22337.75             , 0.0711080855299969
venezuela                ,             1,  32200.0              , 0.07100237632317995
placastectônicas         ,             1,  32200.0              , 0.07100237632317995
coberturacazétv          ,            66,  22634.969696969696   , 0.07086546192245627
messi                    ,             5,   4011.4              , 0.07011634492506194
cztv06                   ,             5,  32409.6              , 0.06988995288301002
intermiami               ,             1,   5965.0              , 0.06987858719646799
homemaranha              ,             1,   5875.0              , 0.06976718403547671
esporte                  ,             2,   1562.5              , 0.06963859320432748
segurançapública         ,             1,    498.0              , 0.06958333333333333
cztv07                   ,             3,  10127.666666666666   , 0.06906994697002487
cztv05                   ,             7,  23090.714285714286   , 0.06906534122292105
barça                    ,             1,  16100.0              , 0.06845110928512736
ligue1nacazétv           ,             1,   4747.0              , 0.06742424242424243
cztv01                   ,            18,  18559.5              , 0.06641262079971218
mbappé                   ,             2,   3410.0              , 0.06625676406926406
jaqueswagner             ,             2,  19658.0              , 0.06554207205198322
japão                    ,             3,  10370.666666666666   , 0.06544032942916238
planta                   ,             1,   2452.0              , 0.06533333333333333
bundesliganacazétv       ,             2,  11124.0              , 0.06440702395247849
neymar                   ,            12,   8580.0              , 0.06434268337775441
parnaíba                 ,             1,   6005.0              , 0.06431313131313131
piaui                    ,             1,   6005.0              , 0.06431313131313131
guaras                   ,             1,   6005.0              , 0.06431313131313131
g1camposgerais           ,             1,  25700.0              , 0.06381490787269682
ww                       ,             1,   2340.0              , 0.06259860788863109
manaus                   ,             2,  24609.5              , 0.06198292461492566
arqueologia              ,             1,   1955.0              , 0.06190615835777126
amazônia                 ,             1,   1955.0              , 0.06190615835777126
g1pop                    ,             2,  94819.0              , 0.061571630036630035
coritiba                 ,             3,  22192.666666666668   , 0.06097489779539305
ligadasnações            ,             1, 186900.0              , 0.06085354838709677
pratudoquevoceimaginar   ,             1, 186900.0              , 0.06085354838709677
volei                    ,             1, 186900.0              , 0.06085354838709677
voleiagentetorcejuntos   ,             1, 186900.0              , 0.06085354838709677
vnl                      ,             1, 186900.0              , 0.06085354838709677
naopodecomerbesteira     ,             1, 186900.0              , 0.06085354838709677
bayerndemunique          ,             2,  11524.0              , 0.060638396691028267
arte                     ,             4,   1524.25             , 0.06047931444083535
cztv11                   ,             4,   4473.75             , 0.06021740848315532
itanhaém                 ,             1,  42300.0              , 0.05977515614156836
litoral                  ,             1,  42300.0              , 0.05977515614156836
vasco                    ,             5,  23277.8              , 0.05894771779392829
corbeturacazétv          ,             1,   1682.0              , 0.05873333333333333
eua                      ,             7,   4420.0              , 0.0580502756568561
embaixadaamericana       ,             1,   4270.0              , 0.05804678362573099
tarifas                  ,             1,   6463.0              , 0.05777864380358535
atentado                 ,             2,   2153.5              , 0.057775889967637536
leicester                ,             1,   2018.0              , 0.057277777777777775
premierleague            ,             1,   2018.0              , 0.057277777777777775
celular                  ,             1,    746.0              , 0.05722972972972973
guiadecompras            ,             1,    746.0              , 0.05722972972972973
g1guiadecompras          ,             1,    746.0              , 0.05722972972972973
migração                 ,             1, 105600.0              , 0.05683684210526316
barcelona                ,             5,   6115.8              , 0.056668454971111094
exame                    ,             1,   6135.0              , 0.0565859375
viral                    ,             1,  57700.0              , 0.05489363636363637
goleiro                  ,             1,  57700.0              , 0.05489363636363637
eleições                 ,             2,   1364.0              , 0.05471514552847396
michelin                 ,             1,     52.0              , 0.05431619786614937
ondecomerembudapeste     ,             1,     52.0              , 0.05431619786614937
rumour                   ,             1,     52.0              , 0.05431619786614937
bahia                    ,             4,  18922.25             , 0.05430440054033738
santos                   ,             5,   9108.2              , 0.05410871985419139
colombia                 ,             9,   2828.4444444444443  , 0.053696295229131386
planejamentocazétv       ,            13,   3802.5384615384614  , 0.05369556921043583
pf                       ,             3,   1925.3333333333333  , 0.05296368978272517
fernandohaddad           ,             2,    368.0              , 0.05070740686561342
paraná                   ,             4,  14688.5              , 0.05068000821446015
brasília                 ,             1,   1855.0              , 0.050218446601941746
prédiospúblicos          ,             1,   1855.0              , 0.050218446601941746
cristianoronaldo         ,             2,   2584.0              , 0.049947264233114255
maceió                   ,             1,   2529.0              , 0.049721254355400694
alagoas                  ,             1,   2529.0              , 0.049721254355400694
paraguai                 ,             1,   4226.0              , 0.04967131474103586
guerradoparaguai         ,             1,   4226.0              , 0.04967131474103586
violência                ,             1,  45300.0              , 0.049463951797215876
alinemineiro             ,             1,  45300.0              , 0.049463951797215876
loboguará                ,             1,    251.0              , 0.04935543278084715
zoo                      ,             1,    251.0              , 0.04935543278084715
pt                       ,             4,   4786.25             , 0.04929706215957032
cnnnaseleições           ,            15,   2725.6666666666665  , 0.04898341417490303
influenciadora           ,             1,   9540.0              , 0.048799231508165224
agressão                 ,             1,   9540.0              , 0.048799231508165224
g1riodejaneiro           ,             1,   9540.0              , 0.048799231508165224
solo                     ,             1,     32.0              , 0.04864864864864865
compostagem              ,             1,     32.0              , 0.04864864864864865
haaland                  ,             1,  18600.0              , 0.048587278106508876
futinter                 ,            10,   8202.1              , 0.04809310173629684
realmadrid               ,             3,  13014.333333333334   , 0.048075274121338774
joségallego              ,             2,  29179.0              , 0.047671935437226615
cnnpolítica              ,            35,   3662.3142857142857  , 0.047260017615653474
psiquiatria              ,             1,   4537.0              , 0.04720908230842006
fake.                    ,             1,   4537.0              , 0.04720908230842006
fatooufake               ,             1,   4537.0              , 0.04720908230842006
fake                     ,             1,   4537.0              , 0.04720908230842006
internação               ,             1,   4537.0              , 0.04720908230842006
robertocarlos            ,             1,   4305.0              , 0.04695560253699788
g1meiombiente            ,             1,   2289.0              , 0.04634615384615385
áfrica                   ,             1,   2289.0              , 0.04634615384615385
botsuana                 ,             1,   2289.0              , 0.04634615384615385
hipopótomo               ,             1,   2289.0              , 0.04634615384615385
richarlison              ,             1,   2726.0              , 0.046306156405990014
síria                    ,             1,   2711.0              , 0.046215780998389695
basharalassad            ,             1,   2711.0              , 0.046215780998389695
cztv12                   ,             8,  31820.5              , 0.04619694136072457
animais                  ,             3,   1355.0              , 0.04602333589321086
atletismobrasil🇧🇷      ,             1,    740.0              , 0.046
4x100m                   ,             1,    740.0              , 0.046
laliganacazétv           ,             6,   5704.333333333333   , 0.045834907343599546
carne                    ,             2,   3245.0              , 0.04579753446217914
exportações              ,             2,   3245.0              , 0.04579753446217914
g1trabalhoecarreira      ,             2,  19247.5              , 0.045491131273518726
tênis                    ,             3,   1121.0              , 0.04545338164251208
australianopen           ,             3,   1121.0              , 0.04545338164251208
g1meioambiente           ,             3,  10999.666666666666   , 0.045399027401844295
tecnologia               ,             4,  10666.75             , 0.04508647087253908
medicina                 ,             3,  11709.0              , 0.04485566555259165
ventania                 ,             3,  10239.333333333334   , 0.044164859472137
sp                       ,             2,    386.0              , 0.043997444281580034
danielperez              ,             2,   2205.0              , 0.04385990664938033
aeroporto                ,             2,  30640.0              , 0.04382868499317688
lula                     ,             8,   3435.625            , 0.04368743756393718
previsão                 ,             1,     38.0              , 0.043617021276595745
sul                      ,             1,     38.0              , 0.043617021276595745
sudeste                  ,             1,     38.0              , 0.043617021276595745
guerra                   ,             1,    459.0              , 0.04349593495934959
tremores                 ,             1,   4819.0              , 0.04344970906068163
thaisheredia             ,             1,   2608.0              , 0.04338855421686747
lua                      ,             1,  14000.0              , 0.04303157306510198
nasa                     ,             1,  14000.0              , 0.04303157306510198
stf                      ,             4,   1559.75             , 0.04288341998638731
cnnnaseleicoes           ,             1,   3793.0              , 0.04254512635379061
gato                     ,             1,   1525.0              , 0.042368421052631576
veterinário              ,             1,   1525.0              , 0.042368421052631576
ronaldinho               ,             2,   2063.0              , 0.04221264356586542
milei                    ,             1,   1786.0              , 0.04212
stj                      ,             1,   1714.0              , 0.04203233256351039
vulcão                   ,             1,    371.0              , 0.04197790636507102
etna                     ,             1,    371.0              , 0.04197790636507102
feminicídio              ,             1,    255.0              , 0.04184397163120567
pesquisa                 ,             1,    255.0              , 0.04184397163120567
violênciacontramulher    ,             1,    255.0              , 0.04184397163120567
internacional            ,             5,  23350.0              , 0.041776438352869726
danielvorcaro            ,             1,   1016.0              , 0.04136690647482014
sustentabilidade         ,             2,     20.0              , 0.04113104701339995
lulinha                  ,             1,   2326.0              , 0.04086890243902439
fláviodino               ,             1,   2326.0              , 0.04086890243902439
riodejaneiro             ,             8,   1862.375            , 0.04067955302976432
cbf                      ,             1,   1413.0              , 0.04058510638297872
espanha                  ,             2,  70350.0              , 0.04045608771929825
bancodobrasil            ,             2, 102950.0              , 0.04037871714518129
tamojuntonessegame       ,             2, 102950.0              , 0.04037871714518129
mikasabrasil             ,             2, 102950.0              , 0.04037871714518129
seleçaobrasileira        ,             1,    544.0              , 0.04013793103448276
lewandowski              ,             2,  10826.0              , 0.040082899879905085
sus                      ,             2,   3199.0              , 0.039756383384146346
haddad                   ,             2,   2071.5              , 0.039686024715356844
alfredogaspar            ,             1,   7713.0              , 0.039473684210526314
cnnbrasil                ,            77,   5159.623376623376   , 0.03946844323440095
indonésia                ,             1,   1485.0              , 0.03946341463414634
brasilparalímpico        ,             1,    416.0              , 0.03942622950819672
tornado                  ,             4,   7825.0              , 0.0391844812534193
tiktoknotícias           ,            89,  18149.786516853932   , 0.03900016987115862
g1mundo                  ,            25,  41721.88             , 0.03892208265640859
colômbia                 ,            21,  36578.80952380953    , 0.03873433604740581
republicanos             ,             1,    521.0              , 0.038639455782312926
vozesdatransição         ,             3,     21.666666666666668, 0.03851758234525426
agriculturaregenerativa  ,             3,     21.666666666666668, 0.03851758234525426
eclipsesolar             ,             1,   1121.0              , 0.03851612903225807
baleia                   ,             1,   1150.0              , 0.03834415584415585
baleiafranca             ,             1,   1150.0              , 0.03834415584415585
orientemédio             ,             1,   4464.0              , 0.03830357142857143
ovni                     ,             1,   4464.0              , 0.03830357142857143
g1                       ,           110,  15963.245454545455   , 0.038174841160620435
operaçãosemdesconto      ,             1,    419.0              , 0.03788617886178862
wevertonrocha            ,             1,    419.0              , 0.03788617886178862
g1.                      ,             1,   1036.0              , 0.03778816199376947
nayibbukele              ,             1,   1036.0              , 0.03778816199376947
criminalidade            ,             1,   1036.0              , 0.03778816199376947
elsalvador               ,             1,   1036.0              , 0.03778816199376947
santacatarina            ,             2,   2462.0              , 0.03745559628245367
terremoto                ,            29,  28628.0              , 0.03715000432524581
cptm                     ,             2,   3880.0              , 0.0370190589131531
guiness                  ,             1,    293.0              , 0.03692874160710418
jogosolimpicos           ,             1,   2808.0              , 0.036848792884371026
paris2024                ,             1,   2808.0              , 0.036848792884371026
dj                       ,             1,   3951.0              , 0.036606198034769465
padre                    ,             1,   3951.0              , 0.036606198034769465
romariadomuquém          ,             1,   3951.0              , 0.036606198034769465
estudante                ,             1,   3774.0              , 0.0365670367207515
namorado                 ,             1,   3774.0              , 0.0365670367207515
ciência                  ,             6,   3742.8333333333335  , 0.03652731810108037
100m                     ,             1,   4147.0              , 0.03652586206896552
virgínia                 ,             1,   3423.0              , 0.03641912512716175
g1local                  ,            17,   6800.294117647059   , 0.03639259184185204
drones                   ,             2,   1055.5              , 0.03624878581028036
eleições2026             ,            13,   1243.6153846153845  , 0.03618184424095968
foguete                  ,             1,   3467.0              , 0.03581532416502947
embaixada                ,             1,   1774.0              , 0.03577651515151515
futebolfeminino          ,             1,    485.0              , 0.03573426573426573
notícias                 ,             2,  53084.0              , 0.035723299101412066
viveros                  ,             2,   3714.5              , 0.03537749287749288
brasileiros              ,             1,   2892.0              , 0.035340253748558245
cnnpolitica              ,             7,   1505.2857142857142  , 0.03529826017525516
agro                     ,             3,   2163.0              , 0.0351736058653931
vinijr                   ,             2,   4156.0              , 0.03509078353239309
olímpicos                ,             1,    715.0              , 0.03492957746478873
wls                      ,             1,    715.0              , 0.03492957746478873
cnnpop                   ,             1,     85.0              , 0.03484729835552075
tamaraklink              ,             1,     85.0              , 0.03484729835552075
bomdiainverno            ,             1,     85.0              , 0.03484729835552075
meioambiente             ,             4,   2849.0              , 0.03467422693582014
china                    ,             4,   2773.5              , 0.03456268618388662
vítimas                  ,             2,   5357.5              , 0.034545157716014276
taxadasblusinhas         ,             1,   1114.0              , 0.034402173913043475
ipca                     ,             1,    606.0              , 0.034360189573459717
inflação                 ,             1,    606.0              , 0.034360189573459717
alimentosebebidas        ,             1,    606.0              , 0.034360189573459717
ciclone                  ,             2,   2509.0              , 0.03433983527185709
javiermilei              ,             2,   4311.0              , 0.03433062051366435
jogosparalímpicos        ,             1,   4711.0              , 0.03430207587687903
paris2024?               ,             1,   4711.0              , 0.03430207587687903
tornados                 ,             1,    808.0              , 0.034110671936758895
previsãodotempo          ,             1,    808.0              , 0.034110671936758895
foradaordem              ,             5,   1452.8              , 0.03408226508120666
cnneleições              ,             5,    636.0              , 0.0340754082766684
elnino                   ,             1,    246.0              , 0.03402328589909444
jn                       ,             8,   5008.25             , 0.033897518713546654
agriculturaorgânica      ,             1,      8.0              , 0.03361344537815126
cztv09                   ,             2,   2006.5              , 0.03338315607933314
saúdedosolo              ,             1,     25.0              , 0.03329065300896287
plantasdecobertura       ,             1,     25.0              , 0.03329065300896287
biomassa                 ,             1,     25.0              , 0.03329065300896287
inteligenciaartificial   ,             1,    141.0              , 0.03319783197831978
globorural               ,             4,    148.75             , 0.03296093182023118
verão                    ,             2,    399.5              , 0.03259735294117647
pereira                  ,             1,   5107.0              , 0.03242196531791908
transporte               ,             2,   3569.5              , 0.03227785169223139
conectividade            ,             1,   3426.0              , 0.032133891213389124
inovação                 ,             1,   3426.0              , 0.032133891213389124
directtocell             ,             1,   3426.0              , 0.032133891213389124
rodadebobo               ,             1,   3298.0              , 0.03183673469387755
donaldtrump              ,             3,   1634.0              , 0.031794334096203254
frio                     ,             1,   1993.0              , 0.031714285714285716
cnnvirais                ,             2,    246.0              , 0.03166067340632514
g1economia               ,             2,   2999.5              , 0.031206228344696545
piraídosul               ,             1,   1518.0              , 0.03104882459312839
brunomars                ,             1,    186.0              , 0.030977312390924956
minasgerais              ,             3,   6774.666666666667   , 0.030726675119676115
itália                   ,             2,    404.5              , 0.030718119849202176
economia                 ,             4,   1598.0              , 0.030551397816878833
saude                    ,             1,    635.0              , 0.030344827586206897
buscas                   ,             1,   3638.0              , 0.030326433121019108
vistos                   ,             1,   3170.0              , 0.03002727272727273
estadosunidos            ,             9,   1856.888888888889   , 0.03001812114051665
promptcnn                ,             2,     84.5              , 0.029207611641333807
falha                    ,             1,    962.0              , 0.029203084832904885
linha12safira            ,             1,    962.0              , 0.029203084832904885
riograndedosul           ,             3,    906.6666666666666  , 0.029069386616224758
globonews                ,             1,     27.0              , 0.029015544041450778
geopolítica              ,             1,     27.0              , 0.029015544041450778
crimes                   ,             1,   1652.0              , 0.02900163666121113
barretos                 ,             1,   1235.0              , 0.028835164835164837
sertanejo                ,             1,   1235.0              , 0.028835164835164837
festadopeaodebarretos    ,             1,   1235.0              , 0.028835164835164837
desafio                  ,             1,    589.0              , 0.028771186440677967
ia                       ,             3,    156.33333333333334 , 0.028635872718411327
racismoambiental         ,             1,    741.0              , 0.02860215053763441
fláviobolsonaro          ,             4,   4169.0              , 0.028596521468583613
g1ciência                ,             4,   1625.5              , 0.028556544295902247
cztv17                   ,             2,   7002.5              , 0.028323013451688656
dolphin                  ,             1,   1135.0              , 0.028216867469879517
xangai                   ,             1,   1135.0              , 0.028216867469879517
golpe                    ,             1,    161.0              , 0.028070175438596492
prejuízo                 ,             1,    161.0              , 0.028070175438596492
falsacentralbancária     ,             1,    161.0              , 0.028070175438596492
desenrolaadimplentes     ,             1,   4885.0              , 0.028010282776349614
terezacristina           ,             2,   3754.0              , 0.02724302253733043
calor                    ,             3,    332.0              , 0.02720031862745098
israel                   ,             2,    549.5              , 0.02718121968121968
mudançasclimáticas       ,             1,   8308.0              , 0.027156048014773778
ciclonebomba             ,             1,   8308.0              , 0.027156048014773778
cnnnovodia               ,             1,    451.0              , 0.027039106145251398
meteoros                 ,             1,   1773.0              , 0.026938202247191012
hamas                    ,             1,    403.0              , 0.026794871794871795
gaza                     ,             1,    403.0              , 0.026794871794871795
cavalo                   ,             1,    199.0              , 0.026392605205546097
croácia                  ,             1,    199.0              , 0.026392605205546097
inteligênciaartificial   ,             1,    238.0              , 0.026358974358974357
música                   ,             1,    238.0              , 0.026358974358974357
montanharussa            ,             1,     56.0              , 0.02631578947368421
sixflags                 ,             1,     56.0              , 0.02631578947368421
europa                   ,             3,    241.33333333333334 , 0.026094319587957646
meteorologia             ,             1,    794.0              , 0.025669781931464176
jornalhoje               ,             1,    794.0              , 0.025669781931464176
tempo                    ,             1,    794.0              , 0.025669781931464176
moto                     ,             1,   3441.0              , 0.02564207650273224
motociclista             ,             1,   3441.0              , 0.02564207650273224
circo                    ,             1,   3441.0              , 0.02564207650273224
globodamorte             ,             1,   3441.0              , 0.02564207650273224
goiás                    ,             2,   2115.5              , 0.025538675940461657
londres                  ,             1,    327.0              , 0.025514705882352943
redemoinho               ,             1,    327.0              , 0.025514705882352943
inglaterra               ,             1,    327.0              , 0.025514705882352943
trilhasonora             ,             1,    503.0              , 0.02539473684210526
copom                    ,             1,    261.0              , 0.025267857142857144
cnnprimetime             ,             1,    261.0              , 0.025267857142857144
selic                    ,             1,    261.0              , 0.025267857142857144
cirurgiaplástica         ,             1,    782.0              , 0.0251875
g1distritofederal        ,             1,    782.0              , 0.0251875
médico                   ,             1,    782.0              , 0.0251875
fachin                   ,             1,    430.0              , 0.025135135135135135
magistrados              ,             1,    430.0              , 0.025135135135135135
salário                  ,             1,    430.0              , 0.025135135135135135
tiktoknotícias‌           ,             1,   2521.0              , 0.02501584786053883
segurança                ,             1,    684.0              , 0.024982817869415808
ronaldocaiado            ,             1,    684.0              , 0.024982817869415808
gakiya                   ,             1,    684.0              , 0.024982817869415808
mariadapenha             ,             1,   2918.0              , 0.024909877433309302
mulher                   ,             1,   2918.0              , 0.024909877433309302
exmarido                 ,             1,   2918.0              , 0.024909877433309302
leimariadapenha          ,             1,   2918.0              , 0.024909877433309302
eleição2026              ,             2,    720.0              , 0.024880789465681355
sinaisvitais             ,             2,     85.0              , 0.02482002925572093
anthonygarotinho         ,             1,    756.0              , 0.024778761061946902
aviação                  ,             1,    423.0              , 0.02445054945054945
polícia                  ,             2,    700.0              , 0.02441360294117647
washington               ,             1,    276.0              , 0.02421487603305785
metrô                    ,             1,    428.0              , 0.02413793103448276
ucrânia                  ,             1,   1077.0              , 0.024102564102564103
rússia                   ,             1,   1077.0              , 0.024102564102564103
ceuta                    ,             1,  35100.0              , 0.024075333333333334
praiagrande              ,             1,    513.0              , 0.023893805309734513
surfe                    ,             1,    513.0              , 0.023893805309734513
cachorro                 ,             1,    513.0              , 0.023893805309734513
mateussimões             ,             1,    279.0              , 0.023884297520661155
saúde                    ,             5,   1301.4              , 0.023675306729170092
ameaça                   ,             1,    618.0              , 0.02363970588235294
g1sãopaulo               ,             1,    618.0              , 0.02363970588235294
omc                      ,             1,    763.0              , 0.023362573099415206
tarifaço                 ,             1,    763.0              , 0.023362573099415206
jh                       ,             2,   1264.5              , 0.02334097427602467
cabelo                   ,             1,     80.0              , 0.023289246693502012
calvície                 ,             1,     80.0              , 0.023289246693502012
sãopaulo                 ,            15,   4193.466666666666   , 0.02320831613831079
speakeasy                ,             1,     28.0              , 0.0232
hotsytotsy               ,             1,     28.0              , 0.0232
política                 ,             3,    367.0              , 0.02305058034105405
abelardodelaespriella    ,             1,   2622.0              , 0.02304495335029686
teste                    ,             1,    263.0              , 0.022926829268292682
câncercolorretal         ,             1,    263.0              , 0.022926829268292682
g1saúde                  ,             3,   2112.3333333333335  , 0.0229121583781362
prédios                  ,             1,  29600.0              , 0.022817333333333332
sarampo                  ,             2,    764.5              , 0.022802781891262957
marrocos                 ,             2,  17596.0              , 0.02265713569321534
carro                    ,             1,   1814.0              , 0.02260143198090692
motorista                ,             1,   1814.0              , 0.02260143198090692
viladossmurfs            ,             1,     33.0              , 0.02258610954263128
parquetemático           ,             1,     33.0              , 0.02258610954263128
smurfs                   ,             1,     33.0              , 0.02258610954263128
noruega                  ,             1,     55.0              , 0.022196708763872943
auroraboreal             ,             1,     55.0              , 0.022196708763872943
fiordes                  ,             1,     55.0              , 0.022196708763872943
incêndio                 ,             2,    308.5              , 0.02196777321205965
agendacultural           ,             1,     30.0              , 0.021945432977461446
artistas                 ,             1,     30.0              , 0.021945432977461446
masp                     ,             1,     30.0              , 0.021945432977461446
mùsica                   ,             1,     30.0              , 0.021945432977461446
aodisseia                ,             1,     92.0              , 0.021238938053097345
grécia                   ,             1,     92.0              , 0.021238938053097345
filme                    ,             1,     92.0              , 0.021238938053097345
crimeorganizado          ,             1,    627.0              , 0.02108695652173913
facçõescriminosas        ,             1,    627.0              , 0.02108695652173913
rouboacelular            ,             1,    188.0              , 0.020849056603773584
assaltante               ,             1,    188.0              , 0.020849056603773584
baixadafluminense        ,             1,    188.0              , 0.020849056603773584
g1política               ,             2,    434.5              , 0.02037602431932329
clima                    ,             2,    236.5              , 0.020310563016528928
budapeste                ,             9,     28.444444444444443, 0.020042645119165568
pratudooquevoceimaginar  ,             1,  19000.0              , 0.019903885903265812
tiktoksports             ,             1,  19000.0              , 0.019903885903265812
bodywork                 ,             1,  19000.0              , 0.019903885903265812
Paris2024                ,             1,  19000.0              , 0.019903885903265812
voleibrasil              ,             1,  19000.0              , 0.019903885903265812
Riachuelo                ,             1,  19000.0              , 0.019903885903265812
vacinação                ,             2,    661.0              , 0.01969933361540089
oassunto                 ,             2,    246.0              , 0.019487699966168864
natuzanery               ,             2,    246.0              , 0.019487699966168864
roma                     ,             1,    438.0              , 0.019458333333333334
navio                    ,             1,    438.0              , 0.019458333333333334
airforceone              ,             2,   1878.0              , 0.019280406171999092
mercadoimobiliário       ,             1,     54.0              , 0.019261637239165328
endereçodanotícia        ,             1,     54.0              , 0.019261637239165328
trump                    ,             4,   1161.75             , 0.01860584636085335
mdb                      ,             1,    145.0              , 0.01839339339339339
rosewoodsãopaulo         ,             1,     34.0              , 0.01740294511378849
vinho                    ,             1,     34.0              , 0.01740294511378849
bordeaux                 ,             1,     34.0              , 0.01740294511378849
rembrandt                ,             1,     33.0              , 0.01706827309236948
cnnviagemegastronomia    ,            29,     30.275862068965516, 0.016992272265987367
miniaturas               ,             1,    174.0              , 0.016788990825688074
pets                     ,             1,    174.0              , 0.016788990825688074
imigração                ,             1,     86.0              , 0.016757672754660138
vacina                   ,             4,    297.75             , 0.016745689655172414
coquetelaria             ,             1,     29.0              , 0.016439909297052153
asias50bestbars          ,             1,     29.0              , 0.016439909297052153
temperatura              ,             1,    197.0              , 0.01640625
câmaradosdeputados       ,             1,    185.0              , 0.015769230769230768
senado                   ,             1,    185.0              , 0.015769230769230768
congresso                ,             1,    185.0              , 0.015769230769230768
hungria                  ,             8,     25.5              , 0.01575845102579259
europacentral            ,             6,     27.0              , 0.015550794446047678
g1em1minuto              ,             1,   1943.0              , 0.015438335809806835
bemestar                 ,             1,    894.0              , 0.015260736196319019
exposição                ,             2,     21.0              , 0.014791246898858232
globo                    ,             1,    168.0              , 0.01464
sp2b                     ,             1,    168.0              , 0.01464
negócios                 ,             1,    168.0              , 0.01464
comunicação              ,             1,    168.0              , 0.01464
debate                   ,             1,    568.0              , 0.014609756097560976
aparelho                 ,             1,    280.0              , 0.014471153846153845
evento                   ,             1,     18.0              , 0.0141287284144427
agrishow                 ,             1,     18.0              , 0.0141287284144427
jornalismo               ,             1,     18.0              , 0.0141287284144427
visto                    ,             1,     54.0              , 0.013873349742671738
restaurantesrj           ,             1,     23.0              , 0.013477088948787063
ondecomernorj            ,             1,     23.0              , 0.013477088948787063
dicasdebudapeste         ,             2,     19.0              , 0.01327195100914266
curitiba                 ,             1,     17.0              , 0.013231197771587743
gastronomiafrancesa      ,             1,     17.0              , 0.013231197771587743
restaurantes             ,             1,     17.0              , 0.013231197771587743
frança                   ,             1,     17.0              , 0.013231197771587743
gastronomia              ,             3,     22.0              , 0.01315994659196462
dicasdeviagem            ,             1,     22.0              , 0.013045944412932501
estrela                  ,             1,    141.0              , 0.012956521739130434
astronomia               ,             1,    141.0              , 0.012956521739130434
museus                   ,             1,     20.0              , 0.01265022137887413
catedral                 ,             1,   3356.0              , 0.012601948754962107
joanmiró                 ,             1,      9.0              , 0.012514220705346985
museu                    ,             1,      9.0              , 0.012514220705346985
criança                  ,             1,    128.0              , 0.0125
anvisa                   ,             1,    202.0              , 0.012150537634408601
medicamentos             ,             1,    202.0              , 0.012150537634408601
chocolate                ,             1,     19.0              , 0.011663597298956415
beantobar                ,             1,     19.0              , 0.011663597298956415
cacau                    ,             1,     19.0              , 0.011663597298956415
churrasco                ,             1,     21.0              , 0.011504424778761062
rômulomorente            ,             1,     21.0              , 0.011504424778761062
braseirobombom           ,             1,     21.0              , 0.011504424778761062
viagem                   ,             2,     30.0              , 0.010433178367839366
turquia                  ,             1,     17.0              , 0.01027190332326284
cháturco                 ,             1,     17.0              , 0.01027190332326284
rize                     ,             1,     17.0              , 0.01027190332326284
ondeoschefscomem         ,             1,     14.0              , 0.009562841530054645
valdocruz                ,             1,    136.0              , 0.00847953216374269
mercadodabola            ,             1,   1109.0              , 0.007883310719131615
endrick                  ,             1,   1109.0              , 0.007883310719131615
uruguai                  ,             1,      6.0              , 0.006993006993006993
turismodeluxo            ,             1,      6.0              , 0.006993006993006993
puntadeleste             ,             1,      6.0              , 0.006993006993006993
cerveja                  ,             1,      7.0              , 0.006932409012131715
diainternacionaldacerveja,             1,      7.0              , 0.006932409012131715
cervejaartesanal         ,             1,      7.0              , 0.006932409012131715
culináriatailandesa      ,             1,      5.0              , 0.006128702757916241
delivery                 ,             1,      5.0              , 0.006128702757916241
tailândia                ,             1,      5.0              , 0.006128702757916241
oms                      ,             1,      0.0              , 0.0
