titulo_livro,preço_livro,estoque_livro
The Secret Garden,15.08,In Stock
The Metamorphosis,28.58,In Stock
The Pilgrim's Progress,50.26,In Stock
The Hound of the Baskervilles (Sherlock Holmes #5),14.82,In Stock
Little Women (Little Women #1),28.07,In Stock
Gone with the Wind,32.49,In Stock
Candide,58.63,In Stock
Animal Farm,57.22,In Stock
Wuthering Heights,17.73,In Stock
The Picture of Dorian Gray,29.7,In Stock
The Complete Stories and Poems (The Works of Edgar Allan Poe [Cameo Edition]),26.78,In Stock
Beowulf,38.35,In Stock
And Then There Were None,35.01,In Stock
The Story of Hong Gildong,43.19,In Stock
The Little Prince,45.42,In Stock
Sense and Sensibility,37.46,In Stock
Of Mice and Men,47.11,In Stock
Emma,32.93,In Stock
Alice in Wonderland (Alice's Adventures in Wonderland #1),55.53,In Stock
