url,titulo,summary,total_news_sources,leaning_left,leaning_right,center,last_updated,bias_distribution,source_urls
https://ground.news/article/v-putin-may-be-forced-to-change-plans-he-named-what-could-break-the-kremlins-master,V. Putin May Be Forced to Change Plans: He Named What Could Break the Kremlin's Master,"Russian dictator Vladimir Putin may agree to end the war against Ukraine in mid-2027 if Kyiv manages to survive the coming winter and retain the ability to strike targets deep inside Russian territory, according to the American publication The Atlantic.",2,0,0,0,22 minutes ago,No sources with tracked biases.,https://www.lrytas.lt/pasaulis/konfliktai-ir-saugumas/2026/08/27/news/v-putinas-gali-buti-priverstas-keisti-planus-ivardijo-kas-galetu-palauzti-kremliaus-seimininka-43736662|https://fakty.ua/477630-putin-mozhet-zavershit-vojnu-protiv-ukrainy-v-2027-godu-no-est-uslovie|https://apps.apple.com/app/apple-store/id1324203419?pt=107503821&ct=unknown&mt=8|https://play.google.com/store/apps/details?id=com.checkitt&referrer=utm_source%3Dunknown
https://ground.news/article/watch-out-for-ranucci-the-tg1-becca-tavares-im-not-fugitive-im-going-back-to-italy_98cf42,"Watch Out for Ranucci, the Tg1 Becca Tavares: ""I'm Not Fugitive, I'm Going Back to Italy.","Gomes Clesio Tavares, accused of being, in competition with Valter Lavitola, the commander of the attack on Sigfrido Ranucci, is in Cameroon. To find him was the Tg1, The man, while for days on his trail there were the Carabinieri of the Investigative Core, coordinated by Pm Edoardo De Santis. Tavares, partner and factotum of the former director of the Avanti, has firmly denied to be a fugitive and refuses the accusations of having engaged a gan…",2,0,1,0,2 hours ago,100% Right,https://www.iltempo.it/personaggi/2026/08/27/news/gomes-tavares-tg1-intervista-valter-lavitola-sigfrido-ranucci-latitante-camerun-russia-bomba-48969939/|https://www.agi.it/cronaca/news/2026-08-27/ranucci-tavares-38741197/|https://apps.apple.com/app/apple-store/id1324203419?pt=107503821&ct=unknown&mt=8|https://play.google.com/store/apps/details?id=com.checkitt&referrer=utm_source%3Dunknown
https://ground.news/article/a-representative-of-the-vatican-met-with-putins-assistant-in-moscow_f2c84d,A Representative of the Vatican Met with Putin's Assistant in Moscow,"At the end of his visit to Moscow, the Vatican Secretary for Relations with States and International Organizations, Archbishop Paul Richard Gallagher, met with clergy and monks belonging to the Catholic community of Russia.",3,0,0,0,2 hours ago,No sources with tracked biases.,https://zn.ua/WORLD/predstavitel-vatikana-vstretilsja-s-pomoshchnikom-putina-v-moskve.html|https://dorzeczy.pl/religia/934756/abp-gallagher-niech-kosciol-w-rosji-bedzie-budowniczym-mostow.html|https://misyjne.pl/rosja-szef-watykanskiej-dyplomacji-spotkal-sie-z-doradca-putina/|https://apps.apple.com/app/apple-store/id1324203419?pt=107503821&ct=unknown&mt=8|https://play.google.com/store/apps/details?id=com.checkitt&referrer=utm_campaign%3Dunknown
https://ground.news/article/russian-farmers-called-for-the-reduction-of-crops-due-to-the-suspension-of-grain-exports,"Russian farmers, markets sceptical on state measures to rescue grain exports, call to sow less","Farmers and analysts said rerouting, subsidies and duty cuts will not lift prices as a 70% export route remains disrupted, Reuters reported.",3,0,0,2,3 hours ago,100% Center,https://www.reuters.com/business/russian-farmers-markets-sceptical-state-measures-rescue-grain-exports-call-sow-2026-08-27/|https://zn.ua/WORLD/rossijskie-ahrarii-prizvali-sokratit-posevy-iz-za-priostanovki-eksporta-zerna-reuters.html|https://www.devdiscourse.com/article/international/3968785-russian-farmers-markets-sceptical-on-state-measures-to-rescue-grain-exports-call-to-sow-less|https://apps.apple.com/app/apple-store/id1324203419?pt=107503821&ct=unknown&mt=8|https://play.google.com/store/apps/details?id=com.checkitt&referrer=utm_source%3Dunknown
https://ground.news/article/trump-not-worried-about-russia-attacking-nato-theres-no-problem,,,74,11,20,15,4 minutes ago,43% Right,https://shows.acast.com/americano/episodes/why-did-the-cia-director-fly-to-moscow|https://www.n-tv.de/politik/Putin-wird-laut-Trump-kein-Nato-Gebiet-angreifen-id31240603.html|https://www.latercera.com/mundo/noticia/trump-asegura-que-rusia-no-va-a-atacar-territorio-de-la-otan/|https://meduza.io/en/news/2026/08/27/it-doesn-t-bother-me-at-all-trump-says-he-isn-t-worried-russia-will-attack-a-nato-country-and-denies-his-cia-director-issued-any-warning-to-putin|https://www.livemint.com/news/us-news/trump-says-putin-won-t-attack-nato-kremlin-calls-reports-of-possible-russian-strike-scare-stories-11787857724105.html|https://korrespondent.net/world/4906797-tramp-otsenyl-uhrozu-napadenyia-rf-na-strany-nato|https://www.usatoday.com/story/news/world/2026/08/27/trump-russia-putin-attack-nato/91492968007/|https://www.spiegel.de/ausland/donald-trump-ueberzeugt-wladimir-putin-werde-kein-nato-territorium-angreifen-a-67877073-dda9-46d1-b10d-1bc0a0a9e982|https://www.liberation.fr/international/donald-trump-assure-que-vladimir-poutine-ne-va-pas-attaquer-un-pays-de-lotan-20260827_AZOXHEKS5JCNRMSDG6HUWNWQ3Y/|https://hotnews.ro/trump-minimizeaza-importanta-vizitei-sefului-cia-la-moscova-putin-nu-va-ataca-teritoriul-unei-tari-nato-2335233|https://www.novinky.cz/clanek/zahranicni-nebojim-se-ze-by-rusko-zautocilo-na-nejakou-zemi-nato-prohlasil-trump-40594860|https://www.reuters.com/world/trump-says-putin-will-not-attack-nato-territory-downplays-ratcliffe-trip-2026-08-27/|https://www.bloomberg.com/news/articles/2026-08-27/trump-says-putin-will-not-be-attacking-nato-territory|https://www.err.ee/1610121724/trump-venemaa-ei-kavatse-nato-territooriumeid-runnata|https://www.digi24.ro/stiri/externe/putin-nu-va-ataca-un-teritoriu-al-nato-da-asigurari-trump-am-avut-discutii-bune-cu-el-3924741|https://g1.globo.com/mundo/noticia/2026/08/27/trump-diz-que-putin-nao-vai-atacar-o-territorio-da-otan.ghtml|https://www.washingtontimes.com/news/2026/aug/27/trump-predicts-putin-wont-attack-nato-countries/|https://www.straitstimes.com/world/europe/trump-says-putin-will-not-attack-nato-territory-downplays-ratcliffe-trip|https://www.washingtonexaminer.com/news/white-house/4702998/trump-says-putin-wont-attack-nato-territory/|https://www.lefigaro.fr/flash-actu/vladimir-poutine-ne-va-pas-attaquer-un-territoire-de-l-otan-assure-donald-trump-20260827|https://www.protothema.gr/world/article/1870472/o-trab-diavevaionei-pos-o-poutin-den-tha-epitethei-se-edafos-tou-nato/|https://www.realitatea.net/stiri/actualitate/trump-anunt-neasteptat-despre-putin-si-nato-ce-spune-presedintele-sua-despre-un-posibil-atac-al-rusiei-jzx1vp|https://www.noticiasaominuto.com/mundo/3042567/ucrania-trump-afasta-intencao-de-putin-em-atacar-um-pais-da-nato|https://glavcom.ua/world/world-politics/tramp-prokomentuvav-mozhlivij-napad-rosiji-na-krajini-nato-1139255.html|https://www.cnnbrasil.com.br/internacional/trump-diz-que-putin-nao-vai-atacar-territorios-da-otan/|https://www.aksam.com.tr/dunya/trumptan-putine-guvenoyu-nato-topraklarina-saldirmayacak/haber-1693976|https://observatornews.ro/extern/trump-da-asigurari-ca-putin-nu-va-ataca-un-teritoriu-nato-am-avut-discutii-constructive-cu-el-664482.html|https://www.vijesti.me/svijet/globus/823997/tramp-putin-nece-napasti-clanicu-nato-a|https://elcomercio.pe/mundo/eeuu/donald-trump-asegura-que-rusia-no-atacara-territorio-de-la-otan-estados-unidos-vladimir-putin-cia-john-ratcliffe-noticia/|https://hnonline.sk/svet/96299179-nezautoci-na-uzemie-nato-povedal-trump-o-putinovi-v-reakcii-na-spravy-o-ceste-sefa-cia-do-ruska|https://www.rp.pl/polityka/art45065571-czy-rosja-zaatakuje-nato-trump-nie-ma-zadnego-problemu|https://today.rtl.lu/news/world/trump-says-russia-is-not-going-to-attack-nato-territory-615972265|https://apps.apple.com/app/apple-store/id1324203419?pt=107503821&ct=unknown&mt=8|https://play.google.com/store/apps/details?id=com.checkitt&referrer=utm_campaign%3Dunknown
https://ground.news/article/rusia-a-declaration-persona-non-grata-un-engagement-al-ambasadei-romaniei-la-moscova,"Rusia a Declaration ""Persona Non Grata"" UN Engagement Al Ambasadei României La Moscova","Potrivit diplomaţiei de la Moscova, măsura reprezintă un răspuns la o „decizie anterioară a autorităţilor române”.",2,0,0,0,15 minutes ago,No sources with tracked biases.,https://www.romania-actualitati.ro/stiri/politica/rusia-a-declarat-persona-non-grata-un-angajat-al-ambasadei-romaniei-la-moscova-id233645.html|https://alephnews.ro/guvern/rusia-declara-persona-non-grata-un-angajat-al-ambasadei-romaniei-la-moscova-mae-spune-ca-masura-vine-ca-raspuns-la-expulzarea-unui-diplomat-rus/|https://apps.apple.com/app/apple-store/id1324203419?pt=107503821&ct=unknown&mt=8|https://play.google.com/store/apps/details?id=com.checkitt&referrer=utm_campaign%3Dunknown
https://ground.news/article/russia-denies-plans-to-attack-nato-but-sends-warning-to-countries-cooperating-with-ukraine,Russia Denies Plans to Attack NATO but Sends Warning to Countries Cooperating with Ukraine,"Russia denied having plans to attack NATO members but warned that it will respond against those countries that collaborate with Ukraine. During its briefing this Thursday, Kremlin spokesman Dmitry Peskov said that “a lot of horror stories like that have been published lately.” “Naturally, this has nothing to do with ... Continue reading “Russia denies having plans to attack NATO but sends warning to countries that collaborate with Ukraine” The p…",2,1,1,0,2 hours ago,"50% Left, 50% Right",https://www.biobiochile.cl/noticias/internacional/europa/2026/08/27/rusia-niega-tener-planes-de-atacar-a-la-otan-pero-envia-advertencia-a-paises-que-colaboren-con-ucrania.shtml|https://www.derstandard.at/jetzt/livebericht/3000000337127/russland-droht-grossbritannien-mit-angriff-auf-britische-militaerziele|https://apps.apple.com/app/apple-store/id1324203419?pt=107503821&ct=unknown&mt=8|https://play.google.com/store/apps/details?id=com.checkitt&referrer=utm_source%3Dunknown
https://ground.news/article/from-patron-to-partner-syrias-new-relationship-with-russia_a76ace,"Putin and al-Sharaa discuss Russia-Syria relations, deal on military bases",The leaders said a memorandum would convert the bases into joint training centers while Syria regains control of civilian facilities.,30,3,3,4,8 hours ago,40% Center,https://syrianobserver.com/foreign-actors/presidents-sharaa-and-putin-discuss-bilateral-relations-and-economic-cooperation-in-phone-call.html|https://www.csmonitor.com/World/Middle-East/2026/0826/russia-syria-military-bases-moscow-middle-east|https://www.aljazeera.com/news/2026/8/26/putin-and-al-sharaa-discuss-russia-syria-relations-deal-on-military-bases|https://www.albawaba.com/ar/%D8%A3%D8%AE%D8%A8%D8%A7%D8%B1/%D8%A8%D9%88%D8%AA%D9%8A%D9%86-%D9%8A%D8%AA%D8%AD%D8%AF%D8%AB-%D9%84%D9%84%D8%B4%D8%B1%D8%B9-%D8%B9%D9%86-%D8%A7%D9%84%D8%A7%D8%B9%D8%AA%D8%AF%D8%A7%D8%A1%D8%A7%D8%AA-1635852|https://www.telesurtv.net/rusia-siria-acuerdo-profundizar-cooperacion/|https://shafaq.com/en/Middle-East/Putin-supports-Syria-s-sovereignty-rejects-Israeli-attacks|https://sana.sy/en/presidency/2338649/|https://www.trtworld.com/article/1453ace6f805|https://www.aa.com.tr/en/world/russian-syrian-presidents-discuss-plans-to-reorganize-hmeimim-tartus-military-bases/4037909|https://themedialine.org/mideast-daily-news/putin-and-al-sharaa-redraw-russias-place-in-post-assad-syria/|https://www.noticiasaominuto.com/mundo/3041821/siria-putin-discute-com-homologo-sirio-memorando-sobre-bases-russas-no-pais|https://www.aydinlik.com.tr/haber/putin-ile-sara-telefonda-gorustu-587861|https://www.aksam.com.tr/dunya/kremlin-duyurdu-putin-ile-ahmed-sara-telefonda-gorustu/haber-1693513|https://zambianobserver.com/putin-and-syrian-president-al-sharaa-discuss-russia-syria-relations-military-bases-deal/|https://hnonline.sk/svet/96298937-aky-bude-osud-jedinych-ruskych-vojenskych-zakladni-mimo-byvaleho-zssr-sara-telefonoval-s-putinom|https://www.naftemporiki.gr/kosmos/2153626/epikoinonia-poytin-me-al-saraa-sto-epikentro-i-emvathynsi-toy-politikoy-dialogoy/|https://www.haberturk.com/dunya/rus-lider-putin-ve-suriye-lideri-sara-telefonda-gorustu-3908227|https://www.aktuality.sk/clanok/itiz3ov/syrsky-prezident-ahmad-sara-telefonoval-s-vladimirom-putinom-hovorili-o-posilneni-vztahov/|https://www.seznamzpravy.cz/clanek/zahranicni-prezidenti-putin-a-sara-po-telefonu-mluvili-o-ruskych-zakladnach-v-syrii-313987|https://www.gazetepencere.com/dis-haber/vladimir-putin-ve-ahmed-sara-telefonda-gorustu-rusyadan-israile-tepki-713302h|https://apps.apple.com/app/apple-store/id1324203419?pt=107503821&ct=unknown&mt=8|https://play.google.com/store/apps/details?id=com.checkitt&referrer=utm_source%3Dunknown
https://ground.news/article/no-one-suffered-except-my-psyche-pussy-riot-activist_702794,“No One Suffered Except My Psyche”: Pussy Riot activist...,"The action artist Rita Flores, one of the last stars of the Moscow anti-Putin scene, has admitted to spying for the Russian intelligence service FSB. And in Russia as well as in emigration, fear is growing in front of the ears of others.",2,0,1,0,43 minutes ago,100% Right,https://www.diepresse.com/41207391/niemand-hat-gelitten-ausser-meiner-psyche-aktionistin-von-pussy-riot|https://www.wort.lu/international/unter-dem-decknamen-harley-hat-rita-flores-enge-freunde-bespitzelt/160599646.html|https://apps.apple.com/app/apple-store/id1324203419?pt=107503821&ct=unknown&mt=8|https://play.google.com/store/apps/details?id=com.checkitt&referrer=utm_source%3Dunknown
https://ground.news/article/moscow-voters-will-consider-school-facilities-levy-this-fall,Moscow Voters Will Consider School Facilities Levy This Fall,"MOSCOW — Moscow patrons will have the long-awaited chance to overhaul their schools this fall after trustees put a seven-year, $9.37 million per year plant facility levy on the November ballot Wednesday night. The vote followed decades of complaints over the nearly 90-year-old high school, years of discussion over how to update facilities, months of planning by a facility committee, and weeks of presentations to the school board. If the levy, to…",2,0,0,0,2 hours ago,No sources with tracked biases.,https://www.dailyfly.com/2026/08/27/moscow-voters-will-consider-school-facilities-levy-this-fall/|https://www.idahoednews.org/news/moscow-to-attempt-novel-approach-to-overhaul-its-aging-schools/|https://apps.apple.com/app/apple-store/id1324203419?pt=107503821&ct=unknown&mt=8|https://play.google.com/store/apps/details?id=com.checkitt&referrer=utm_campaign%3Dunknown
