titulo,url
"Russian farmers, markets sceptical on state measures to rescue grain exports, call to sow less",https://ground.news/article/russian-farmers-called-for-the-reduction-of-crops-due-to-the-suspension-of-grain-exports
A Representative of the Vatican Met with Putin's Assistant in Moscow,https://ground.news/article/a-representative-of-the-vatican-met-with-putins-assistant-in-moscow
"Putin and al-Sharaa discuss Russia-Syria relations, deal on military bases",https://ground.news/article/from-patron-to-partner-syrias-new-relationship-with-russia_a76ace
Moscow Voters Will Consider School Facilities Levy This Fall,https://ground.news/article/moscow-voters-will-consider-school-facilities-levy-this-fall
Russia Repeated the Composition of the Set “Circle”,https://ground.news/article/russians-damaged-warehouse-of-kolo-network-owned-by-varus-company-statement
Prize Named for Murdered Russian Journalist Anna Politkovskaya Honors a Trump Envoy with a Special Award for Talks that Freed Almost 500 Political Prisoners in Belarus,https://ground.news/article/careerthe-camerton-awards-were-made-by-the-poltkovskaya-the-bel-the-verstka-and-the-bg-the-special-prize-was-given-by-john-cole-an-a
EU sees no sign Russia planning attack on NATO countries,https://ground.news/article/eu-sees-no-sign-russia-planning-attack-on-nato-countries
"At Least in Seven Regions, Newspapers Refused to Publish the Apple Programme Calling for Peace",https://ground.news/article/at-least-in-seven-regions-newspapers-refused-to-publish-the-apple-programme-calling-for-peace
Eastern Flank Commissioners urge von der Leyen action over Russia,https://ground.news/article/eastern-flank-commissioners-urge-von-der-leyen-action-over-russia
Lukashenko Arrives in Russia for Talks With Putin,https://ground.news/article/lukashenko-leaves-for-russia-meeting-with-putin-scheduled
"CIA Moscow Trip Was About Iran, Not the Baltics, Ilves Tells Euronews",https://ground.news/article/the-kremlin-responded-to-the-rumors-about-the-cia-directors-trip-to-moscow
Successive Moves From Moscow: The Russian Army Has Captured Another Settlement in Zaporizhzhia.,https://ground.news/article/successive-moves-from-moscow-the-russian-army-has-captured-another-settlement-in-zaporizhzhia_36e34d
Casino Pages Found on INEC Website Raise Concerns over Access to Election Body’s Digital Infrastructure,https://ground.news/article/inec-website-hacked-panic-as-casino-ads-russian-text-reportedly-spill-onto-inec-portal
"Turkish Cargo Ferry Hit by Drone Attack in Black Sea, Five Injured",https://ground.news/article/russia-bound-turkish-ship-hit-by-drones-media-the-press-united
Apple Has Blocked a Pirated Method of Installing Applications in the Russian Federation,https://ground.news/article/apple-has-blocked-a-pirated-method-of-installing-applications-in-the-russian-federation_a5e51a
"The Journalist, Important History, Worked for Vojvodá, a Company that Recruited Contractors Into the Russian Army, Where He Learned that Successful Recruiters Received Millions of Rubles.",https://ground.news/article/the-journalist-important-history-worked-for-vojvoda-a-company-that-recruited-contractors-into-the-russian-army-where-he-learned-that-succes
Russia Refuses to Hand over Assad for Humanitarian Reasons.,https://ground.news/article/russia-refuses-to-hand-over-assad-for-humanitarian-reasons_dcac57
A Fire at a Gas and Chemical Plant in Russia’s Far East Has Killed 15 – WTOP News,https://ground.news/article/fire-at-russias-amur-gas-chemical-complex-one-of-the-worlds-largest-chemical-plants-kills-15
"Daily Memo: Russian Threats, Israeli Elections",https://ground.news/article/double-russian-escalation-shouldered-to-kiev-and-threats-to-london-and-paris-by-g-belardelli
The Vladimir Edition of Zebra TV Retold the Post of Governor About the Attack by Ukrainian Drones. An Administrative Report Has Been Drawn up Against Journalists,https://ground.news/article/in-the-vladimir-region-the-media-want-to-be-fined-for-publishing-the-governors-report-on-drone-attacks
Russia Truer Med Å Angripe Briitiske Mål,https://ground.news/article/russia-truer-med-a-angripe-briitiske-mal
"Mayor Sochi Rewarded the Parents of a 22-Year-Old Soldier Who Died in the War and Said, ""Thank You Very much.""",https://ground.news/article/mayor-sochi-rewarded-the-parents-of-a-22-year-old-soldier-who-died-in-the-war-and-said-thank-you-very-much
Penza Police Call Reports of Forced Recruitment Raids ‘False’ but Concede some Men May Have Posed as Officers,https://ground.news/article/penza-police-accused-residents-of-discouraging-men-from-being-sent-to-war
"Ozon Warehouses Are Burning Along with Putin's Personal Money, - Investigation",https://ground.news/article/bcf-the-third-ozon-is-owned-by-a-friend-of-putins-billionaire-gennady-timchenko
"EU states revive plan to use frozen Russian assets for Ukraine, FT reports",https://ground.news/article/nytt-eu-forsok-pa-a-bruke-frosne-russland-midler_48c300
Russian Nebo-U Radar Hit at Millerovo Airfield in Rostov Region,https://ground.news/article/at-the-millerovo-airfield-in-the-rostov-region-the-armed-forces-of-ukraine-hit-the-radar-nebo-u
"Russian serviceman killed in explosion in St. Petersburg, media reports",https://ground.news/article/high-ranking-russian-military-officer-killed-in-car-explosion-reports-say
The SBU Warned of a New Russian Scheme: Who Is Being Recruited Through Prisoners of War.,https://ground.news/article/the-sbu-warned-of-a-new-russian-scheme-who-is-being-recruited-through-prisoners-of-war
"CIA Director John Ratcliffe, during secretive trip, warned Russia not to attack NATO: Report",https://ground.news/article/6c2cb959-6fe4-4532-943c-11947decad45
Russian Hackers Use Fake Google Drive and Diplomatic Lures to Steal Online Account,https://ground.news/article/russian-hackers-use-fake-google-drive-and-diplomatic-lures-to-steal-online-account
"CIA chief’s visit to Moscow related to resolving Ukraine war, Trump says",https://ground.news/article/trump-comments-on-cia-directors-visit-to-moscow
Russia Seeks New KN-30 Ballistic Missiles and Launchers From North Korea – Ukrainian Intelligence,https://ground.news/article/three-times-more-powerful-than-current-ones-russia-asks-north-korea-for-new-ballistic-missiles
Putin's Emergency Option? How Real Is the Nuclear Threat for Ukraine,https://ground.news/article/putins-emergency-option-how-real-is-the-nuclear-threat-for-ukraine
"Putin Wants to Throw 600,000 More People Into the War. Intelligence Learned the Timing",https://ground.news/article/putin-wants-to-throw-600-000-more-people-into-the-war-intelligence-learned-the-timing
"Russia Wants to Starve the World to Death, - Latvian Foreign Minister",https://ground.news/article/russia-wants-to-starve-the-world-to-death-latvian-foreign-minister_442038
Russian-speaking cybercriminals used SpaceX’s Cursor AI tool to hack seven companies,https://ground.news/article/russian-speaking-cybercriminals-used-spacexs-cursor-ai-tool-to-hack-seven-companies
Russia says it launched a ‘massive’ overnight strike on 9 Ukrainian cities,https://ground.news/article/russia-says-it-launched-a-massive-overnight-strike-on-9-ukrainian-cities_3e019e
Europe Faced a New Surge in Diesel Fuel Prices: Two Reasons,https://ground.news/article/europe-faced-a-new-surge-in-diesel-fuel-prices-two-reasons_e4cb40
"Egyptian, Russian FMs Discuss Bilateral Co-Op, Regional Developments Over Phone",https://ground.news/article/egyptian-russian-fms-discuss-bilateral-co-op-regional-developments-over-phone_cb3371
"Russia Again Threatens Europe: Moscow Warns that Foreign Troops in Ukraine Could Become ""Legitimate Military Targets""",https://ground.news/article/russia-again-threatens-europe-moscow-warns-that-foreign-troops-in-ukraine-could-become-legitimate-military-targets
The Vice-Rector of MGIMO and Her Son Were Put on the Wanted List in the Case of Major Fraud,https://ground.news/article/the-ceo-of-mhimo-kuzmin-and-her-son-are-wanted-in-a-fraud-case
Russia's foreign spy chief confirms he held talks with CIA director in Moscow,https://ground.news/article/russias-foreign-spy-chief-confirms-he-held-talks-with-cia-director-in-moscow
Russia says it could strike UK military targets in response to Ukrainian strikes using British missiles,https://ground.news/article/russia-says-it-could-strike-uk-military-targets-in-response-to-ukrainian-strikes-using-british-missiles
The Government Is Urged to Urgently Support the Metallurgy After the Attack on “Zaporozhstal”,https://ground.news/article/the-government-is-urged-to-urgently-support-the-metallurgy-after-the-attack-on-zaporozhstal_720d1d
Teacher of Oscar-Winning Russian Filmmaker Behind ‘Mr. Nobody Against Putin’ Calls Him a Traitor,https://ground.news/article/teacher-of-oscar-winning-russian-filmmaker-behind-mr-nobody-against-putin-calls-him-a-traitor
The Russian Federation Destroyed a 115-Year-Old Church in the Chernihiv Region: What Makes Its History Unique,https://ground.news/article/russian-drone-destroys-115-year-old-church-in-chernihiv-region
"Putin Wants to Attack the Baltic Countries, the Kremlin Can Use Nuclear Weapons, the Authorities Against Kanye",https://ground.news/article/putin-wants-to-attack-the-baltic-countries-the-kremlin-can-use-nuclear-weapons-the-authorities-against-kanye
Russia Is Preparing for the Possible Consequences of a New Mobilization – GUR and SZR,https://ground.news/article/the-kremlin-is-already-preparing-for-riots-security-forces-are-expanding-their-powers-before-a-new-mobilization
Where Can Russian Athletes Compete After the IOC’s Provisional Ban Lift?,https://ground.news/article/where-can-russian-athletes-compete-after-the-iocs-provisional-ban-lift_663f5a
Ukraine Reveals Latest Intelligence on Russia’s Mobilization Plans,https://ground.news/article/russia-plans-to-mobilize-additional-300-000-in-2026-300-000-in-2027
Poland Attacks the Czech Republic. But From Moscow.,https://ground.news/article/poland-attacks-the-czech-republic-but-from-moscow_0bd692
Taran: Tactical Nuclear Weapons Ineffective in Modern Warfare,https://ground.news/article/viktor-taran-the-kremlins-nuclear-bluff-or-why-the-scary-button-will-not-change-the-course-of-the-war
Submarines of the Russian Federation “Lit up” in the Waters of the UK,https://ground.news/article/russian-submarines-lighted-in-british-waters
TotalEnergies Exits Russia’s Sanctioned Arctic LNG 2 Project,https://ground.news/article/totalenergies-is-definitively-withdrawing-from-the-arctic-lng-2-project-transferring-its-stake-to-a-subsidiary-of-russian-novatek
"Russia Uses Single-Use Agents for Attacks in Europe, BIS Says in Report",https://ground.news/article/russia-uses-single-use-agents-for-attacks-in-europe-bis-says-in-report
Russia's Escalating Hybrid Attacks Put Europeans in a Bind,https://ground.news/article/frequent-drone-dispatches-to-europe-and-cyber-attacks-russias-hybrid-warfare-reaches-dangerous-levels
Ukrainian Drones Attack Ozon Warehouses in Overnight Barrage,https://ground.news/article/two-ozon-warehouses-in-orenburg-and-bashkortostan-have-been-attacked
When Is A When Is A War Not A War? Russia’s Hybrid Attacks Could Divide NATO,https://ground.news/article/are-nato-and-russia-on-the-brink-of-war-glenn-diesen-with-judge-napolitano
Wildberries Founder Tatyana Kim Russia's Richest Women Again for Fifth Time,https://ground.news/article/tatiana-kim-for-the-fifth-time-led-the-ranking-of-russias-richest-women-in-forbes
"The Famous Russian Actor Yuri Tsurilo, Who Played More than 140 Film Roles, Has Died.",https://ground.news/article/actor-yuri-tsurilo-died
"In Russia, Both Natural Gas and LNG Production Increased Year-on-Year This Year.",https://ground.news/article/in-russia-both-natural-gas-and-lng-production-increased-year-on-year-this-year
CIA chief in Moscow. What are they secretly deciding? / Stefanchuk diplomat and Fedorov / Uncensored. VIDEO,https://ground.news/article/cia-chief-in-moscow-what-are-they-secretly-deciding-stefanchuk-diplomat-and-fedorov-uncensored-video
The State Duma announced the loss of fish stocks in the rivers of the Tyumen region,https://ground.news/article/the-state-duma-announced-the-loss-of-fish-stocks-in-the-rivers-of-the-tyumen-region
Russia Has up to 17 Converted S-400 Launchers for Strikes with RM-48U Missiles on Ukraine,https://ground.news/article/russia-has-up-to-17-converted-s-400-launchers-for-strikes-with-rm-48u-missiles-on-ukraine
Warned Against Attacking NATO Countries,https://ground.news/article/warned-against-attacking-nato-countries
"War in Ukraine: Russian Alternative to Starlink Has Lead in the Wing, 3 Satellites of the Program ""Rassvet"" Disintegrated",https://ground.news/article/war-in-ukraine-russian-alternative-to-starlink-has-lead-in-the-wing-3-satellites-of-the-program-rassvet-disintegrated
Russian Soldier Shoots Grenade Into His Own Foot – Commander Rages: “Are You a Damned Idiot?”,https://ground.news/article/russian-soldier-shoots-grenade-into-his-own-foot-commander-rages-are-you-a-damned-idiot
Prominent Ukrainian commanders to lead defence of eastern region demanded by Russia,https://ground.news/article/top-commanders-to-lead-reinforcement-of-ukrainian-positions-in-donetsk-oblast-zelensky-says
"Russian Business Owners Just Got an Ultimatum: Stop Ukraine’s Drones Yourselves, or the State Takes Over",https://ground.news/article/putin-decree-triggers-state-seizure-of-private-firms-hit-by-drone-strikes
Russia-Ukraine War Latest News: Russia Imports Fuel From India Despite Being Major Oil Producer; Here’s Why,https://ground.news/article/daily-briefing-nepal-flash-floods-iit-delhi-protests-india-sells-petrol-to-russia
Ukrainian Drones Target Wildberries E-Commerce Hub in Russia,https://ground.news/article/ukrainian-drones-target-wildberries-e-commerce-hub-in-russia_39cc49
The EU Is Not Ready to Escalate the Russian Hybrid War.,https://ground.news/article/the-eu-is-not-ready-to-escalate-the-russian-hybrid-war
Shafaq News: Study: Aloe Vera Is Both Beneficial and Harmful.,https://ground.news/article/aloe-vera-is-beneficial-but-can-also-be-harmful
"Minute by Minute, How a Russian Attack on Europe Would Unfold",https://ground.news/article/how-ready-europe-is-for-russias-shadow-war-the-scenes-through-which-putin-can-strike-the-west
Wildberries Depot in Russia Is Destroyed as Ukraine Extends Its Drone Campaign,https://ground.news/article/wildberries-depot-destroyed-russia-mulls-kyiv-strikes
"World’s Largest Container Shipping Company Suspends Novorossiysk Bookings After Drone Attack, Bloomberg Reports",https://ground.news/article/msc-halts-russian-black-sea-service-after-drone-strike_1e1788
Ross Was Hit by Drones and Dungeoned the Robot with Lucille's Fundamental NHP.,https://ground.news/article/ross-was-hit-by-drones-and-dungeoned-the-robot-with-lucilles-fundamental-nhp
"In the Rostov Region, Reports About the Escape of Prisoners Who Were Being Prepared to Go to War",https://ground.news/article/prisoners-who-were-taken-to-war-escaped-in-russia-what-is-known
"From the Sinking of Tankers in the Kerchen Strait, a Leak Resumed",https://ground.news/article/from-the-sinking-of-tankers-in-the-kerchen-strait-a-leak-resumed
War Drives Global Wheat Prices Upwards: What History Says You Should Do Next,https://ground.news/article/wheat-futures-surge-to-three-year-highs-on-russia-ukraine-escalation-fears-weat-nysearca
The Russian Geranis Are Moving to Chinese Components.,https://ground.news/article/the-russian-geranis-are-moving-to-chinese-components
Ukraine Expands Deep Strikes In Russia As Moscow Pushes Toward Sloviansk (Worthy News Briefing),https://ground.news/article/ukraine-expands-deep-strikes-in-russia-as-moscow-pushes-toward-sloviansk-worthy-news-briefing
Leaked Documents Reveal What Moscow Fears Most: the Threat Is Not Just to Oil Refineries,https://ground.news/article/this-is-more-important-than-the-news-about-the-attacks-on-wildberries-and-refineries
Inside the Extradition Trial Revealing Moscow’s Secret Grip on Africa,https://ground.news/article/what-an-extradition-trial-reveals-about-moscows-influence-in-africa
"Kim, Putin Near Completion Of First-Ever Road Link As Military Partnership Grows",https://ground.news/article/kim-putin-near-completion-of-first-ever-road-link-as-military-partnership-grows
The UK Reminded The World Of Its Historical Role In Containing Russia,https://ground.news/article/russia-withdraws-its-ambassador-from-the-uk-moscow-announces-what-happens-to-relations-between-the-two-countries
After Intermediate High: Gasoline Crisis Also Hits Moscow,https://ground.news/article/petrol-queues-in-moscow-in-middle-of-night-russians-try-to-buy-fuel-at-petrol-station-at-2-am-video
"The Head of the CIA, Retkluff, Is Toasted by Gegsett at the United States.",https://ground.news/article/cia-director-retcliff-zustrivsya-with-hegset-at-the-white-house-after-turning-from-russia
US extends Russia-related general license on diamond imports,https://ground.news/article/us-extends-russia-related-general-license-on-diamond-imports_0d11ef
Ukrainian Drone Attacks Are Already Appearing Prominently in Russian Statistics,https://ground.news/article/ukrainian-drone-attacks-are-already-appearing-prominently-in-russian-statistics
Russia Finds Intel of NATO Planning to Invade Kaliningrad? Putin Launches Massive Military Prep For…,https://ground.news/article/the-russian-navy-conducted-anti-aircraft-exercises-in-the-baltic-following-flights-of-spy-aircraft-around-kaliningrad
Hungary Calls Russia 'Threat to Europe and Global Order' in UN Guidelines Document,https://ground.news/article/hungary-calls-russia-threat-to-europe-and-global-order-in-un-guidelines-document_9f1fcb
Der Spiegel: The weapons cache found outside Berlin was left there by a 24-year-old Ukrainian man arrested in Romania,https://ground.news/article/der-spiegel-the-weapons-cache-found-outside-berlin-was-left-there-by-a-24-year-old-ukrainian-man-arrested-in-romania
Release of Marine veteran from Russian custody turns focus to other detainees with health concerns,https://ground.news/article/release-of-marine-veteran-from-russian-custody-turns-focus-to-other-detainees-with-health-concerns
Ukrainian military balloons may spoil Russia’s party,https://ground.news/article/ukrainian-military-balloons-may-spoil-russias-party
"Mihalkov Offered to Move the Pushkin Memorial in Moscow, and the Authorities Decided to Ask the Citizens — and Also to Test the Electronic Vote Before the State Elections.",https://ground.news/article/the-moscows-will-determine-the-fate-of-pushkins-monument-in-a-test-vote
‘Putin’s Back Is Against the Wall’: There Is Now A Chance Russia Could Start Using Tactical Nuclear Weapons in the Ukraine War,https://ground.news/article/russian-officials-believe-putin-may-launch-a-nuclear-strike-on-ukraine
As Putin's Propagandists Earns the Best. In the Top Appear Also Director Nikita Mihalkov and Margarita Simonian,https://ground.news/article/syn-of-a-friend-of-putins-is-the-score-of-the-russians-best-selling-propaganda
Medieval Nobleman’s Tomb Discovered in Western Russia - Archaeology Magazine,https://ground.news/article/medieval-noblemans-tomb-discovered-in-western-russia-archaeology-magazine
"Stalin Experiences a Comeback in Russia – Majority Considers Dictator to Be ""Great Leader""",https://ground.news/article/stalin-experiences-a-comeback-in-russia-majority-considers-dictator-to-be-great-leader
"About 150,000 Chickens Were Killed in a Plant Under Belgorod that Burned Down After the Attack.",https://ground.news/article/about-150-000-chickens-were-killed-in-a-plant-under-belgorod-that-burned-down-after-the-attack
Senior police officers in Russia sentenced for stealing crypto exchange Garantex money,https://ground.news/article/senior-police-officers-in-russia-sentenced-for-stealing-crypto-exchange-garantex-money
India’s Russian Oil Imports Slide From Record High as Supply Tightens,https://ground.news/article/indias-russian-oil-imports-slide-from-record-high-as-supply-tightens_1d5637
Russia Is Experiencing a Boom in Diesel Cars Due to a Gasoline Shortage.,https://ground.news/article/russia-is-experiencing-a-boom-in-diesel-cars-due-to-a-gasoline-shortage
Russian Stadium Refuses to Stage Kanye West Concerts,https://ground.news/article/russian-stadium-refuses-to-stage-kanye-west-concerts_f3da82
"Former US Special Envoy for Ukraine Compares Putin to Hitler: ""My Concern: We Will End up in a Third World War""",https://ground.news/article/former-us-special-envoy-for-ukraine-compares-putin-to-hitler-my-concern-we-will-end-up-in-a-third-world-war
Husband pleads for wife’s release from Russian prison as her health issues worsen,https://ground.news/article/husband-pleads-for-wifes-release-from-russian-prison-as-her-health-issues-worsen
A Microsoft font got a Communist candidate thrown off Russia’s ballot. An appeals court just put him back on it.,https://ground.news/article/a-microsoft-font-got-a-communist-candidate-thrown-off-russias-ballot-an-appeals-court-just-put-him-back-on-it_9fc4b6
First fully-autonomous drone kill Ukraine heralds ‘dystopian future of untethered weaponry’,https://ground.news/article/first-fully-autonomous-drone-kill-ukraine-heralds-dystopian-future-of-untethered-weaponry
