hashtags,qtd_posts,curtidas_medias,engajamento_medio
girls,15,68807.66666666667,0.08991679124179573
tutorial,16,317108.0625,0.08802045404648373
trend,18,77522.5,0.06652397167870784
francinyehlke,11,44881.818181818184,0.06218586235321578
fy,51,93033.76470588235,0.060395146658082516
hairstyletutorial,10,397762.9,0.06009580434876285
makeupartist,13,179392.07692307694,0.05948053064859474
glossylips,35,70223.11428571428,0.05825363074052766
hairtutorial,15,177430.6,0.05814933999937537
viral,78,130026.93589743589,0.05705866738372901
fypシ,21,70833.90476190476,0.05680478853694465
makeup,223,199467.58295964127,0.05308697999599878
foryoupage,54,127527.31481481482,0.05036445609379065
lipcombo,16,423165.8125,0.05022533892396075
fyp,180,120140.85,0.04991084053689775
fyppppppppppppppppppppppp,15,201130.13333333333,0.048576016916110916
concealertips,10,17016.2,0.048110614858439586
fypシ゚viral,12,31276.916666666668,0.04790459655845942
rubyrosemakeup,14,7422.928571428572,0.04699945375141377
gloss,216,27568.212962962964,0.046785329688722434
makeuptutorial,33,217018.87878787878,0.046072536820485226
hairstyleideas,12,143469.08333333334,0.04565024802216517
hair,20,178383.55,0.04383814146475431
wonderrubyrose,10,2186.5,0.04249373056228517
make,31,49150.83870967742,0.04219731889753025
hairinspo,11,255186.45454545456,0.04193181221151726
hairstyle,51,172498.98039215687,0.04068241724572632
hairstyles,14,143959.57142857142,0.03895809558037174
foryou,74,140738.1891891892,0.038946777271955245
hairtok,17,121559.58823529411,0.03814888382551003
maquiagem,113,29231.548672566372,0.03788158681898636
concealerreview,14,18376.428571428572,0.036256679709612306
beauty,48,127979.8125,0.035704897713544397
rubyrose,144,3541.4236111111113,0.03563382060460763
creatorsearchinsights,23,9046.478260869566,0.03436092367445372
lipgloss,57,74363.1052631579,0.034291098893317794
viralvideo,14,24848.14285714286,0.03407190140904678
glossrubyrose,16,1621.8125,0.03329522495212275
lipstick,90,69347.88888888889,0.03279934446645906
concealerhack,14,23870.0,0.0316873590580428
makeuphacks,21,63065.333333333336,0.0315639901975054
lips,19,268670.1052631579,0.031349272884480146
maquiagemtiktok,10,1895.7,0.030949991292481327
concealer,70,30716.257142857143,0.03079346662433499
wonder,14,270.07142857142856,0.029146255816543738
lip,11,50498.90909090909,0.02738142323000213
tiktok,16,130406.8125,0.026506955307134664
makeuptips,13,41531.307692307695,0.024738918356763936
beleza,27,1978.6666666666667,0.024233426273226933
tiktokshopbrasil,10,582.0,0.024103993569980452
penteado,11,137779.45454545456,0.0210815776171786
tiktokshop,48,5804.6875,0.019989894587699612
corretivo,21,12014.047619047618,0.01815599552118332
trending,16,22640.625,0.017808050227421903
glosslabial,23,781.6521739130435,0.016312084309836574
achadinhos,19,5867.315789473684,0.015755428870614353
batom,24,1081.625,0.015720271726992044
lipbalm,11,5308.727272727273,0.01384156820396386
